source,target,weight
92,1782,9
1405,1521,8
164,1676,6
73,2379,5
124,1521,5
623,1220,5
1860,526,5
1900,1084,5
124,2417,4
127,25,4
127,1164,4
127,1521,4
427,2379,4
556,556,4
689,1261,4
698,526,4
2205,210,4
37,1113,3
37,1676,3
37,1769,3
92,1469,3
92,1652,3
92,1676,3
124,200,3
124,1853,3
124,2194,3
151,2379,3
204,200,3
294,1469,3
363,1070,3
382,1261,3
427,25,3
427,1164,3
434,25,3
434,1164,3
623,256,3
623,1025,3
954,25,3
954,1164,3
954,1521,3
1102,695,3
1203,348,3
1380,1521,3
1656,1521,3
1695,1028,3
1744,1521,3
1755,783,3
1900,526,3
1900,1114,3
1900,1650,3
1956,1606,3
1971,634,3
1971,944,3
1976,973,3
2065,1261,3
2128,1454,3
2202,1521,3
2205,701,3
2305,1902,3
2396,2008,3
2442,783,3
10,1650,2
28,581,2
37,692,2
37,1782,2
37,1902,2
37,1966,2
73,612,2
73,783,2
86,1113,2
86,1909,2
92,351,2
92,732,2
92,1186,2
92,1521,2
124,25,2
124,238,2
124,573,2
124,1164,2
124,1342,2
124,1583,2
124,1652,2
124,2379,2
152,2379,2
164,270,2
164,944,2
164,1469,2
164,1547,2
164,1652,2
164,1712,2
164,2417,2
168,168,2
172,25,2
172,210,2
172,1164,2
181,783,2
204,1905,2
251,612,2
251,1833,2
261,1110,2
302,40,2
302,905,2
302,1650,2
302,1782,2
306,1632,2
318,852,2
427,1782,2
434,210,2
434,701,2
434,1872,2
434,1891,2
434,2194,2
436,1650,2
493,2174,2
519,1652,2
548,763,2
589,908,2
594,1427,2
611,1872,2
623,60,2
623,739,2
623,1186,2
623,1674,2
623,2379,2
636,2200,2
636,2211,2
639,2485,2
698,730,2
705,950,2
705,1114,2
705,2009,2
745,1712,2
768,639,2
768,1669,2
778,1540,2
813,2009,2
813,2012,2
868,198,2
868,1313,2
868,2284,2
877,907,2
877,1905,2
877,2379,2
916,944,2
928,256,2
928,1220,2
939,1818,2
954,1782,2
954,1944,2
954,2194,2
963,526,2
963,907,2
970,257,2
1027,1011,2
1027,1588,2
1031,1648,2
1038,526,2
1038,1521,2
1038,2379,2
1084,1905,2
1089,2284,2
1130,852,2
1130,1676,2
1130,2012,2
1142,1469,2
1168,2055,2
1195,1837,2
1203,2162,2
1205,1025,2
1214,1676,2
1266,1186,2
1266,1469,2
1266,1676,2
1283,40,2
1328,1910,2
1378,1059,2
1380,348,2
1380,2417,2
1405,1547,2
1408,715,2
1408,1110,2
1421,1351,2
1433,196,2
1503,639,2
1525,639,2
1525,701,2
1525,1669,2
1525,2423,2
1526,1676,2
1527,244,2
1570,196,2
1604,1888,2
1656,468,2
1664,1679,2
1691,378,2
1691,2090,2
1695,1462,2
1695,1909,2
1695,1966,2
1700,1110,2
1701,1606,2
1707,477,2
1751,1028,2
1755,612,2
1755,1676,2
1755,1853,2
1755,1891,2
1829,1084,2
1843,1253,2
1849,25,2
1849,1011,2
1849,1028,2
1849,1164,2
1849,1588,2
1849,2090,2
1849,2159,2
1858,1220,2
1860,200,2
1860,903,2
1862,1818,2
1900,90,2
1900,244,2
1900,270,2
1900,1905,2
1967,1220,2
1971,639,2
1971,2456,2
1976,1454,2
1976,2423,2
1981,1084,2
2003,1253,2
2032,1909,2
2037,546,2
2066,1070,2
2119,810,2
2122,1538,2
2137,1671,2
2147,1454,2
2202,200,2
2202,244,2
2202,732,2
2202,811,2
2202,1084,2
2202,1114,2
2202,2379,2
2205,81,2
2205,732,2
2229,526,2
2250,701,2
2303,1782,2
2303,1833,2
2307,198,2
2356,1586,2
2372,1587,2
2396,1837,2
2407,1676,2
2408,348,2
2442,1007,2
2459,90,2
2479,244,2
1,32,1
1,556,1
4,16,1
5,1371,1
6,1041,1
7,728,1
8,719,1
9,1894,1
10,2,1
10,10,1
10,171,1
10,349,1
10,639,1
10,978,1
10,990,1
10,1028,1
10,1671,1
10,1729,1
10,2361,1
11,691,1
11,1762,1
12,1913,1
14,1806,1
15,1365,1
15,2373,1
17,881,1
18,100,1
18,897,1
18,994,1
18,1679,1
18,1944,1
20,1162,1
21,2468,1
22,90,1
22,226,1
22,783,1
22,897,1
22,950,1
22,1409,1
22,1584,1
22,1955,1
22,2091,1
22,2428,1
24,1600,1
27,810,1
27,1720,1
27,2051,1
27,2351,1
28,257,1
28,565,1
28,779,1
28,1295,1
28,1469,1
28,1659,1
28,1729,1
28,1910,1
28,2047,1
29,1105,1
29,1832,1
30,749,1
31,1832,1
33,1085,1
36,821,1
36,1572,1
37,25,1
37,35,1
37,244,1
37,251,1
37,270,1
37,295,1
37,349,1
37,573,1
37,811,1
37,858,1
37,1164,1
37,1462,1
37,1547,1
37,1671,1
37,1738,1
37,2149,1
37,2277,1
37,2361,1
39,1864,1
44,1559,1
45,571,1
45,1983,1
46,452,1
46,1429,1
46,2261,1
46,2428,1
47,2379,1
47,2404,1
50,202,1
50,1220,1
50,2029,1
51,51,1
51,471,1
51,1648,1
51,1719,1
51,2045,1
52,474,1
52,672,1
52,2159,1
52,2388,1
53,2086,1
53,2227,1
54,1312,1
54,2093,1
55,243,1
55,2174,1
55,2429,1
56,156,1
56,715,1
57,74,1
58,1490,1
61,1253,1
62,270,1
62,1001,1
62,2451,1
63,2379,1
64,64,1
65,1905,1
65,1988,1
65,2463,1
66,1180,1
67,378,1
67,715,1
67,1220,1
67,1909,1
68,2012,1
69,257,1
69,924,1
69,930,1
69,1956,1
69,2159,1
69,2451,1
70,2309,1
71,454,1
72,546,1
73,0,1
73,237,1
73,253,1
73,659,1
73,691,1
73,897,1
73,1416,1
73,1521,1
73,1762,1
73,1778,1
73,1779,1
73,1943,1
73,2211,1
73,2392,1
73,2398,1
76,1670,1
77,1627,1
77,1634,1
80,196,1
80,1801,1
82,2123,1
83,1188,1
83,1648,1
83,1676,1
83,1953,1
84,832,1
85,1586,1
86,349,1
86,545,1
86,811,1
86,1041,1
86,1280,1
86,1652,1
86,1676,1
86,1758,1
86,1769,1
86,1872,1
86,1902,1
86,2417,1
88,964,1
91,16,1
92,25,1
92,75,1
92,92,1
92,144,1
92,200,1
92,202,1
92,244,1
92,526,1
92,535,1
92,544,1
92,811,1
92,878,1
92,901,1
92,991,1
92,1070,1
92,1084,1
92,1113,1
92,1114,1
92,1164,1
92,1454,1
92,1758,1
92,1853,1
92,2124,1
92,2248,1
92,2417,1
92,2423,1
93,1676,1
94,2469,1
99,1685,1
102,2486,1
103,1212,1
106,1212,1
107,2312,1
108,829,1
109,315,1
109,654,1
110,175,1
111,2193,1
112,98,1
113,1001,1
116,192,1
117,757,1
117,905,1
117,1652,1
117,1899,1
118,1817,1
119,1920,1
120,1028,1
123,908,1
123,2428,1
123,2475,1
124,2,1
124,42,1
124,210,1
124,332,1
124,526,1
124,586,1
124,634,1
124,637,1
124,901,1
124,909,1
124,1005,1
124,1070,1
124,1186,1
124,1187,1
124,1261,1
124,1313,1
124,1315,1
124,1399,1
124,1454,1
124,1651,1
124,1811,1
124,1851,1
124,2008,1
124,2041,1
124,2361,1
125,122,1
125,2354,1
127,200,1
127,573,1
127,639,1
127,648,1
127,1186,1
127,1944,1
131,325,1
131,2185,1
132,480,1
132,1232,1
132,1793,1
132,1864,1
132,2077,1
133,1648,1
134,1648,1
135,42,1
135,130,1
135,243,1
135,612,1
135,1966,1
136,43,1
136,779,1
136,944,1
136,2006,1
137,1572,1
138,1149,1
139,2002,1
140,105,1
142,250,1
142,295,1
142,1114,1
142,1944,1
142,2149,1
143,669,1
143,1429,1
145,376,1
148,1648,1
148,1668,1
148,1712,1
149,2086,1
150,1220,1
150,2067,1
151,25,1
151,90,1
151,210,1
151,244,1
151,452,1
151,526,1
151,535,1
151,573,1
151,732,1
151,897,1
151,1164,1
151,1280,1
151,1521,1
151,1944,1
151,2194,1
151,2230,1
151,2261,1
151,2392,1
153,1656,1
153,2086,1
154,205,1
157,1910,1
158,935,1
158,1624,1
159,1121,1
162,834,1
163,202,1
163,2212,1
164,144,1
164,169,1
164,210,1
164,339,1
164,639,1
164,697,1
164,764,1
164,780,1
164,913,1
164,1041,1
164,1084,1
164,1186,1
164,1245,1
164,1365,1
164,1543,1
164,1669,1
164,1671,1
164,1719,1
164,1783,1
164,1803,1
164,1872,1
164,1905,1
164,1909,1
164,1966,1
164,2181,1
164,2200,1
164,2224,1
164,2355,1
164,2379,1
164,2444,1
165,1253,1
166,1521,1
172,526,1
172,586,1
172,1810,1
172,1818,1
172,1944,1
172,2162,1
172,2200,1
172,2224,1
173,1817,1
176,2411,1
177,90,1
177,361,1
177,477,1
177,526,1
177,950,1
177,1180,1
177,1543,1
177,1782,1
177,1872,1
177,2379,1
178,2098,1
179,41,1
179,1659,1
179,2426,1
180,1784,1
181,210,1
181,612,1
181,878,1
181,973,1
181,1007,1
181,1084,1
181,1186,1
181,1583,1
181,2085,1
181,2149,1
181,2163,1
182,43,1
182,701,1
182,1444,1
183,1188,1
183,1676,1
184,677,1
186,1126,1
187,1676,1
188,1261,1
189,790,1
190,964,1
190,1001,1
190,2309,1
191,191,1
193,1084,1
194,1011,1
194,1024,1
194,1487,1
194,1588,1
195,0,1
195,23,1
195,950,1
195,1944,1
197,542,1
197,1211,1
198,198,1
198,739,1
198,1674,1
199,832,1
201,1253,1
203,299,1
204,25,1
204,251,1
204,573,1
204,764,1
204,783,1
204,866,1
204,1164,1
204,1342,1
204,1521,1
204,1652,1
204,1810,1
204,1944,1
204,2162,1
204,2174,1
204,2361,1
207,935,1
208,715,1
212,89,1
212,2426,1
213,2086,1
214,2451,1
215,2077,1
216,2086,1
217,2273,1
218,211,1
218,256,1
218,1416,1
218,1926,1
218,2273,1
219,13,1
220,298,1
220,349,1
220,1548,1
221,1033,1
222,1883,1
222,2379,1
223,1394,1
224,1191,1
225,2055,1
225,2056,1
227,468,1
229,1084,1
230,1681,1
230,2297,1
231,1783,1
232,1758,1
232,1979,1
232,2057,1
233,1141,1
234,1640,1
236,581,1
236,834,1
236,1910,1
237,237,1
237,468,1
237,1490,1
237,1491,1
237,1608,1
237,1676,1
237,1943,1
239,1536,1
240,2162,1
241,1188,1
242,1624,1
245,1420,1
246,1261,1
247,1167,1
248,390,1
248,559,1
248,921,1
248,2067,1
249,816,1
251,35,1
251,90,1
251,128,1
251,169,1
251,198,1
251,253,1
251,256,1
251,258,1
251,378,1
251,468,1
251,476,1
251,477,1
251,526,1
251,576,1
251,581,1
251,701,1
251,715,1
251,732,1
251,783,1
251,816,1
251,896,1
251,1313,1
251,1395,1
251,1398,1
251,1421,1
251,1540,1
251,1722,1
251,1782,1
251,1803,1
251,1950,1
251,2009,1
251,2041,1
251,2149,1
252,1979,1
254,897,1
254,1266,1
254,1908,1
254,2012,1
255,1821,1
257,2284,1
259,1584,1
261,59,1
261,1342,1
261,1410,1
261,1650,1
261,2423,1
261,2456,1
262,2198,1
263,1312,1
263,2093,1
264,384,1
264,747,1
265,1998,1
267,78,1
267,2086,1
267,2200,1
268,1923,1
269,779,1
271,1775,1
272,1923,1
274,16,1
275,97,1
276,765,1
276,2086,1
277,13,1
277,115,1
277,270,1
277,341,1
277,673,1
277,719,1
277,732,1
277,802,1
277,838,1
277,1070,1
277,1071,1
277,1119,1
277,1132,1
277,1176,1
277,1536,1
277,1538,1
277,2227,1
277,2292,1
278,2138,1
279,60,1
279,581,1
279,732,1
280,1192,1
280,2323,1
281,715,1
282,333,1
283,2029,1
285,1430,1
285,1453,1
286,1385,1
289,1156,1
289,1220,1
289,1888,1
289,2123,1
291,43,1
291,130,1
291,366,1
291,715,1
291,763,1
292,779,1
293,1549,1
293,1597,1
293,2123,1
294,41,1
294,244,1
294,270,1
294,343,1
294,348,1
294,452,1
294,546,1
294,634,1
294,639,1
294,980,1
294,1030,1
294,1070,1
294,1280,1
294,1647,1
294,1853,1
294,1944,1
294,2098,1
294,2174,1
294,2379,1
294,2417,1
294,2439,1
296,284,1
297,785,1
300,1147,1
301,64,1
302,90,1
302,544,1
302,732,1
302,783,1
302,826,1
302,907,1
302,1084,1
302,1584,1
302,1863,1
302,1874,1
302,2007,1
302,2090,1
302,2163,1
302,2438,1
304,1671,1
305,659,1
306,325,1
306,346,1
306,473,1
306,899,1
306,1648,1
306,1812,1
306,1888,1
306,1955,1
307,1314,1
308,575,1
309,591,1
310,935,1
311,1521,1
313,1007,1
313,1488,1
314,122,1
314,1444,1
314,2174,1
314,2398,1
316,905,1
316,1070,1
316,1478,1
316,1583,1
316,1648,1
316,1956,1
317,2111,1
318,170,1
318,346,1
318,409,1
318,2223,1
319,60,1
319,346,1
319,1652,1
320,226,1
320,2091,1
321,2366,1
322,1083,1
323,211,1
323,256,1
326,2366,1
328,1001,1
329,64,1
330,1105,1
331,1121,1
334,1146,1
334,1454,1
334,1548,1
334,1552,1
335,60,1
335,256,1
335,1399,1
335,1683,1
335,2139,1
335,2379,1
336,1594,1
337,114,1
337,825,1
337,2007,1
338,921,1
345,1910,1
347,1147,1
350,170,1
350,482,1
350,695,1
350,732,1
350,1255,1
350,1583,1
350,1600,1
350,1713,1
350,1818,1
350,2006,1
350,2203,1
350,2227,1
350,2284,1
350,2463,1
352,558,1
352,1056,1
354,60,1
354,1676,1
354,2159,1
355,41,1
355,468,1
355,834,1
355,1430,1
355,1572,1
355,1613,1
355,1883,1
356,2,1
356,200,1
356,332,1
356,1782,1
356,1853,1
357,390,1
358,75,1
358,346,1
358,1521,1
358,1543,1
358,1548,1
358,1587,1
358,1613,1
358,1656,1
358,1894,1
358,1944,1
358,2041,1
358,2099,1
358,2248,1
358,2392,1
359,792,1
359,2111,1
360,340,1
361,903,1
361,1651,1
362,739,1
362,1674,1
363,128,1
363,612,1
363,1033,1
363,1521,1
363,1676,1
364,1990,1
365,1220,1
367,2090,1
368,1552,1
369,1444,1
369,1775,1
370,1784,1
371,1635,1
372,19,1
372,174,1
373,2057,1
374,315,1
375,654,1
377,389,1
377,429,1
377,546,1
377,1191,1
377,1583,1
377,1679,1
377,1891,1
377,2041,1
377,2185,1
377,2379,1
379,26,1
380,779,1
380,1632,1
380,2280,1
380,2352,1
381,1441,1
381,1909,1
382,25,1
382,81,1
382,198,1
382,257,1
382,612,1
382,779,1
382,1051,1
382,1164,1
382,1192,1
382,1283,1
382,1454,1
382,1782,1
382,1944,1
382,2181,1
383,643,1
383,1469,1
383,1587,1
385,1377,1
385,1769,1
385,2057,1
386,2198,1
391,256,1
392,168,1
393,406,1
393,2007,1
394,2474,1
395,1473,1
396,1254,1
397,170,1
398,964,1
398,1473,1
399,1938,1
400,402,1
401,49,1
403,1415,1
404,653,1
404,902,1
404,2370,1
408,98,1
408,558,1
408,792,1
408,1033,1
408,1056,1
408,1552,1
410,1583,1
411,1648,1
411,1837,1
412,881,1
412,1444,1
412,1901,1
413,646,1
414,913,1
415,361,1
415,739,1
415,784,1
415,1674,1
415,1828,1
416,406,1
417,2475,1
418,648,1
418,858,1
418,980,1
418,1652,1
418,1944,1
419,536,1
420,1998,1
421,1415,1
423,1482,1
424,765,1
425,818,1
426,2310,1
427,90,1
427,161,1
427,170,1
427,200,1
427,353,1
427,653,1
427,860,1
427,878,1
427,1070,1
427,1084,1
427,1114,1
427,1315,1
427,1469,1
427,1521,1
427,1572,1
427,1583,1
427,1769,1
427,1853,1
427,1902,1
427,1956,1
427,2090,1
427,2176,1
427,2194,1
427,2211,1
427,2264,1
427,2438,1
428,543,1
428,781,1
428,1577,1
428,1825,1
430,860,1
431,831,1
432,1001,1
433,546,1
433,1891,1
434,200,1
434,452,1
434,526,1
434,612,1
434,783,1
434,905,1
434,1114,1
434,1280,1
434,1617,1
434,1966,1
434,2379,1
435,591,1
436,35,1
436,407,1
436,581,1
436,732,1
436,763,1
436,905,1
436,1011,1
436,1365,1
436,1384,1
436,1588,1
436,1633,1
436,1982,1
436,2047,1
436,2163,1
436,2181,1
436,2241,1
436,2398,1
436,2438,1
436,2439,1
437,2422,1
437,2444,1
438,19,1
438,174,1
439,273,1
439,1681,1
440,1821,1
441,32,1
442,2245,1
443,1566,1
443,1697,1
444,1022,1
445,2056,1
446,2198,1
447,514,1
448,1773,1
449,454,1
450,171,1
451,451,1
453,1572,1
454,454,1
455,2245,1
456,1478,1
457,243,1
458,2090,1
459,287,1
460,1342,1
461,228,1
462,1371,1
463,649,1
463,980,1
463,1085,1
463,1125,1
463,1148,1
463,1905,1
463,2379,1
463,2469,1
464,1998,1
465,556,1
465,921,1
466,97,1
467,1001,1
469,333,1
469,1736,1
470,198,1
475,3,1
475,898,1
478,1566,1
479,780,1
481,1124,1
483,1632,1
484,266,1
485,1586,1
486,991,1
487,1365,1
487,2373,1
488,1837,1
489,104,1
490,141,1
490,2457,1
491,2264,1
492,2072,1
493,940,1
494,1632,1
495,591,1
496,405,1
496,1113,1
497,1342,1
498,270,1
498,1148,1
498,1395,1
498,2034,1
498,2439,1
499,1644,1
500,192,1
501,1587,1
502,2417,1
503,978,1
504,244,1
505,42,1
505,1011,1
505,1588,1
506,1659,1
506,1845,1
507,1652,1
508,1487,1
509,1648,1
510,407,1
510,733,1
512,258,1
512,1915,1
513,964,1
516,1114,1
516,1186,1
516,1257,1
516,2090,1
517,49,1
518,779,1
519,206,1
519,571,1
519,648,1
519,1902,1
519,1983,1
519,2211,1
520,1383,1
521,1383,1
522,10,1
522,171,1
522,1521,1
524,1676,1
524,2444,1
525,514,1
527,1957,1
528,2423,1
530,593,1
531,284,1
532,544,1
534,2348,1
537,1594,1
538,473,1
539,1590,1
540,13,1
540,257,1
540,406,1
540,1232,1
540,1472,1
540,1640,1
540,1676,1
541,2322,1
546,908,1
547,1220,1
547,1313,1
548,25,1
548,349,1
548,378,1
548,515,1
548,634,1
548,779,1
548,1164,1
548,1342,1
548,1462,1
548,1469,1
548,1782,1
548,1853,1
548,1909,1
548,2090,1
548,2362,1
549,2379,1
550,344,1
550,376,1
550,2029,1
551,709,1
552,900,1
553,991,1
553,1944,1
554,402,1
554,1923,1
555,1821,1
557,2334,1
560,1032,1
561,935,1
562,1103,1
563,1646,1
564,825,1
566,1994,1
566,2022,1
567,556,1
568,1095,1
569,1132,1
570,13,1
572,205,1
572,210,1
572,256,1
572,536,1
572,745,1
572,1719,1
572,1891,1
572,2159,1
574,2181,1
577,1992,1
578,2181,1
579,60,1
580,87,1
580,170,1
580,202,1
580,256,1
580,348,1
580,543,1
580,612,1
580,677,1
580,905,1
580,980,1
580,1399,1
580,1462,1
580,1729,1
580,1845,1
580,2211,1
582,257,1
583,41,1
584,98,1
584,100,1
587,2417,1
588,935,1
589,34,1
589,709,1
589,763,1
589,765,1
589,1005,1
589,1342,1
589,1399,1
589,1719,1
589,2324,1
589,2485,1
590,2201,1
592,0,1
592,346,1
592,783,1
592,1474,1
592,1538,1
592,1719,1
592,1720,1
594,170,1
594,198,1
594,573,1
594,765,1
594,883,1
594,1084,1
594,1314,1
594,1944,1
594,1956,1
594,2063,1
594,2292,1
594,2380,1
595,122,1
595,1110,1
595,1114,1
595,1416,1
595,1895,1
596,1600,1
597,1365,1
597,2373,1
598,2463,1
599,1684,1
599,2198,1
600,92,1
600,101,1
600,196,1
600,206,1
600,237,1
600,315,1
600,556,1
600,810,1
600,862,1
600,1453,1
600,1584,1
600,1906,1
600,1943,1
600,2138,1
600,2157,1
600,2227,1
600,2385,1
601,2152,1
602,210,1
603,2086,1
604,1722,1
605,1461,1
606,2057,1
607,2138,1
608,2451,1
609,779,1
610,872,1
613,1589,1
614,1846,1
614,2261,1
614,2274,1
615,476,1
615,1990,1
616,474,1
617,1261,1
618,348,1
619,1536,1
620,1957,1
621,1872,1
622,765,1
623,353,1
623,581,1
623,933,1
623,1070,1
623,1125,1
623,1586,1
623,1737,1
623,1988,1
624,1351,1
625,1115,1
626,211,1
626,256,1
626,295,1
626,351,1
626,526,1
626,732,1
626,783,1
626,901,1
626,1007,1
626,1891,1
626,1897,1
626,1902,1
626,2379,1
627,1025,1
627,1469,1
627,2379,1
628,1032,1
629,1648,1
630,388,1
631,2463,1
632,324,1
633,1507,1
634,634,1
635,790,1
636,78,1
636,200,1
636,251,1
636,526,1
636,612,1
636,649,1
636,697,1
636,783,1
636,973,1
636,1007,1
636,1180,1
636,1236,1
636,1608,1
636,1782,1
636,1853,1
636,2224,1
638,324,1
639,41,1
639,1671,1
639,1855,1
639,2362,1
640,2245,1
641,301,1
642,25,1
642,41,1
642,51,1
642,200,1
642,205,1
642,902,1
642,1164,1
642,1261,1
642,1536,1
642,1646,1
642,1719,1
642,1872,1
642,2045,1
642,2061,1
644,376,1
644,745,1
644,1085,1
644,1234,1
644,1913,1
644,1918,1
644,2055,1
644,2241,1
645,260,1
645,1092,1
647,935,1
649,649,1
650,1676,1
651,101,1
651,170,1
652,2,1
655,1769,1
656,654,1
658,778,1
658,1088,1
658,1211,1
658,2194,1
659,1648,1
659,1736,1
660,1255,1
660,1676,1
661,1577,1
662,575,1
663,715,1
663,2039,1
664,1958,1
665,1507,1
665,1888,1
666,694,1
667,1667,1
668,1427,1
668,2333,1
671,87,1
674,1462,1
675,1059,1
676,1676,1
678,2086,1
679,1020,1
680,349,1
681,16,1
682,60,1
682,739,1
682,1674,1
682,1874,1
683,26,1
683,973,1
683,1106,1
683,1363,1
683,1521,1
683,2122,1
684,1536,1
685,722,1
686,2010,1
689,907,1
690,1454,1
693,1801,1
696,100,1
696,536,1
696,585,1
696,1070,1
696,1546,1
696,2333,1
698,3,1
698,389,1
698,545,1
698,659,1
698,816,1
698,898,1
698,994,1
698,1113,1
698,1140,1
698,1521,1
698,1609,1
698,1613,1
698,1966,1
699,349,1
699,673,1
699,764,1
699,785,1
699,1469,1
699,1566,1
699,1650,1
699,1778,1
699,1779,1
699,2111,1
700,2041,1
702,129,1
702,353,1
702,1148,1
702,1261,1
702,1295,1
702,1420,1
702,1615,1
702,1676,1
703,1261,1
704,405,1
704,2438,1
705,51,1
705,161,1
705,198,1
705,244,1
705,256,1
705,472,1
705,477,1
705,546,1
705,602,1
705,719,1
705,913,1
705,1399,1
705,1444,1
705,1469,1
705,1587,1
705,1679,1
705,1778,1
705,1779,1
705,1811,1
705,1813,1
705,1832,1
705,1891,1
705,2045,1
705,2077,1
705,2153,1
705,2159,1
705,2194,1
705,2261,1
705,2324,1
705,2392,1
706,1846,1
706,2274,1
707,1146,1
710,2452,1
711,2041,1
712,1598,1
713,388,1
714,1922,1
717,301,1
718,907,1
719,556,1
720,1478,1
721,171,1
723,1872,1
724,2387,1
725,1351,1
726,1624,1
727,2236,1
729,105,1
729,349,1
729,732,1
729,1881,1
731,244,1
734,79,1
734,1648,1
734,1881,1
735,2072,1
736,1180,1
737,1590,1
738,1634,1
740,303,1
740,747,1
740,950,1
740,1762,1
740,1914,1
741,511,1
742,1577,1
743,556,1
744,353,1
744,733,1
744,1914,1
745,556,1
745,1543,1
745,1583,1
746,2245,1
746,2338,1
748,728,1
748,1147,1
750,198,1
751,2063,1
752,1590,1
753,1994,1
753,2022,1
754,1212,1
755,299,1
756,602,1
757,1920,1
759,244,1
759,695,1
759,758,1
759,1416,1
760,198,1
760,1444,1
760,1478,1
760,1944,1
760,2234,1
761,1902,1
762,654,1
767,273,1
767,559,1
767,1125,1
767,1167,1
767,1546,1
767,1681,1
767,1779,1
767,2192,1
767,2284,1
767,2333,1
768,256,1
768,295,1
768,349,1
768,946,1
768,1028,1
768,1902,1
768,1909,1
768,2090,1
768,2149,1
768,2162,1
768,2379,1
768,2485,1
769,529,1
769,2086,1
770,40,1
770,933,1
770,1869,1
771,1622,1
772,1491,1
773,298,1
773,921,1
773,950,1
773,2085,1
773,2398,1
774,256,1
774,526,1
774,1011,1
774,1588,1
774,1652,1
775,1126,1
776,2379,1
777,1902,1
778,26,1
778,35,1
778,121,1
778,130,1
778,515,1
778,701,1
778,1186,1
778,1902,1
778,1982,1
778,2124,1
778,2423,1
782,41,1
782,1415,1
786,253,1
787,1234,1
788,739,1
789,792,1
791,950,1
791,1837,1
792,1365,1
792,2373,1
793,38,1
794,155,1
794,1938,1
795,96,1
795,130,1
795,198,1
795,209,1
795,256,1
795,739,1
795,758,1
795,802,1
795,826,1
795,862,1
795,905,1
795,907,1
795,1114,1
795,1283,1
795,1363,1
795,1521,1
795,1674,1
795,1754,1
795,1782,1
795,1956,1
795,2174,1
795,2284,1
796,1507,1
797,1007,1
797,1160,1
798,2422,1
799,639,1
799,950,1
799,964,1
799,1030,1
799,1037,1
799,1114,1
799,1148,1
799,1399,1
799,1891,1
799,1926,1
800,353,1
800,2162,1
800,2219,1
801,1992,1
803,1029,1
804,1001,1
805,1236,1
805,2010,1
806,342,1
806,810,1
806,1124,1
806,1147,1
806,2002,1
807,2351,1
808,1590,1
809,1025,1
809,1220,1
810,810,1
810,1676,1
810,1953,1
812,2245,1
813,13,1
813,210,1
813,366,1
813,545,1
813,692,1
813,757,1
813,897,1
813,913,1
813,994,1
813,1053,1
813,1191,1
813,1394,1
813,1521,1
813,1538,1
813,1583,1
813,1615,1
813,1623,1
813,1652,1
813,1826,1
813,1909,1
813,2162,1
813,2292,1
814,1521,1
814,1736,1
814,1902,1
814,2241,1
814,2444,1
815,1187,1
815,1220,1
815,1853,1
815,1854,1
817,535,1
817,2273,1
819,533,1
820,1180,1
822,900,1
823,1012,1
824,1521,1
824,2211,1
828,2385,1
830,1895,1
833,1848,1
835,1430,1
836,387,1
836,695,1
837,976,1
839,1891,1
840,2463,1
841,2230,1
842,1762,1
843,829,1
844,2309,1
845,1071,1
846,883,1
846,1261,1
846,1409,1
846,1863,1
846,2153,1
847,643,1
848,2486,1
849,160,1
849,1583,1
850,1684,1
851,192,1
851,2428,1
853,692,1
853,944,1
853,1342,1
853,1462,1
853,1598,1
853,1786,1
853,2398,1
854,719,1
855,244,1
856,810,1
857,692,1
859,862,1
861,129,1
863,257,1
864,2,1
864,1676,1
865,1644,1
867,511,1
868,13,1
868,258,1
868,747,1
868,802,1
868,838,1
868,908,1
868,1030,1
868,1176,1
868,1283,1
868,1430,1
868,1546,1
868,1681,1
868,1902,1
868,2057,1
868,2261,1
868,2297,1
869,1147,1
870,1624,1
871,1577,1
874,708,1
875,1888,1
876,747,1
877,25,1
877,81,1
877,161,1
877,256,1
877,257,1
877,940,1
877,1084,1
877,1164,1
877,1186,1
877,1261,1
877,1363,1
877,1521,1
877,1712,1
877,1773,1
877,1853,1
877,1901,1
877,1902,1
877,2057,1
877,2124,1
877,2264,1
877,2277,1
877,2438,1
879,25,1
879,341,1
879,637,1
879,1084,1
879,1164,1
879,1810,1
879,1851,1
879,2149,1
879,2385,1
880,1536,1
882,257,1
882,2153,1
883,1213,1
884,1724,1
885,3,1
885,351,1
885,482,1
885,546,1
885,802,1
885,826,1
885,896,1
885,898,1
885,1342,1
885,2012,1
885,2152,1
885,2181,1
885,2387,1
885,2444,1
886,1531,1
887,2261,1
888,2398,1
890,1444,1
891,2456,1
892,1261,1
893,1832,1
894,1820,1
895,1103,1
906,115,1
906,701,1
906,1914,1
906,2122,1
910,389,1
910,573,1
910,730,1
910,1558,1
910,2253,1
910,2397,1
911,1430,1
911,2348,1
912,19,1
912,174,1
912,783,1
914,1313,1
914,1782,1
915,1679,1
916,92,1
916,1028,1
916,1577,1
916,2098,1
917,1718,1
918,257,1
918,378,1
918,405,1
918,581,1
918,933,1
918,1011,1
918,1549,1
918,1588,1
919,1559,1
920,1958,1
922,343,1
923,1577,1
925,1186,1
926,1546,1
927,1600,1
928,13,1
928,35,1
928,200,1
928,526,1
928,1070,1
928,1114,1
928,1186,1
928,1521,1
928,1737,1
928,1848,1
928,1872,1
928,1905,1
928,2264,1
928,2373,1
928,2434,1
929,1813,1
931,1160,1
932,348,1
934,1608,1
936,976,1
937,1394,1
937,1697,1
938,1232,1
942,1883,1
943,1051,1
944,1187,1
945,384,1
947,315,1
948,156,1
949,312,1
949,881,1
949,1427,1
951,1783,1
952,747,1
953,244,1
953,1777,1
954,244,1
954,573,1
954,634,1
954,697,1
954,779,1
954,883,1
954,973,1
954,1007,1
954,1028,1
954,1070,1
954,1469,1
954,1507,1
954,1540,1
954,1650,1
954,1729,1
954,1737,1
954,1982,1
954,2098,1
954,2099,1
954,2149,1
954,2159,1
954,2162,1
954,2200,1
954,2224,1
954,2253,1
954,2361,1
954,2423,1
955,573,1
955,783,1
955,1012,1
955,2085,1
955,2194,1
955,2292,1
956,2162,1
957,827,1
958,1587,1
959,2263,1
960,256,1
960,643,1
960,1103,1
960,2322,1
961,687,1
962,944,1
963,25,1
963,130,1
963,200,1
963,361,1
963,634,1
963,1164,1
963,1521,1
963,1583,1
963,1652,1
963,2090,1
963,2361,1
963,2417,1
963,2456,1
963,2485,1
965,1644,1
966,747,1
967,780,1
968,49,1
968,89,1
969,407,1
969,818,1
969,2426,1
970,228,1
970,256,1
970,288,1
970,468,1
970,719,1
970,924,1
970,930,1
970,1070,1
970,1119,1
970,1363,1
970,1395,1
970,1610,1
970,1666,1
970,1676,1
970,1736,1
970,1837,1
970,1897,1
970,2123,1
970,2211,1
970,2423,1
970,2468,1
972,1472,1
974,831,1
975,944,1
976,976,1
977,739,1
977,1674,1
979,586,1
981,196,1
982,198,1
983,908,1
984,897,1
984,973,1
985,141,1
985,2457,1
986,1371,1
987,250,1
987,546,1
987,1648,1
988,1966,1
989,643,1
989,872,1
989,1059,1
989,2379,1
992,200,1
992,612,1
992,634,1
992,1028,1
992,1394,1
992,1902,1
992,2055,1
992,2277,1
992,2417,1
992,2456,1
993,558,1
993,1056,1
995,191,1
996,1958,1
997,2452,1
998,349,1
999,1061,1
1000,2225,1
1002,1599,1
1003,1606,1
1003,2139,1
1004,198,1
1004,2211,1
1006,209,1
1006,256,1
1006,351,1
1006,378,1
1006,933,1
1006,1024,1
1006,1070,1
1006,1283,1
1006,1462,1
1006,1606,1
1006,2056,1
1006,2398,1
1006,2423,1
1006,2485,1
1008,716,1
1009,593,1
1010,1370,1
1010,1648,1
1010,1656,1
1010,2379,1
1013,990,1
1014,1821,1
1015,576,1
1016,1083,1
1017,290,1
1017,474,1
1017,1521,1
1017,1765,1
1018,1460,1
1021,333,1
1023,779,1
1023,1105,1
1024,35,1
1024,121,1
1024,1769,1
1026,1060,1
1026,1186,1
1026,1671,1
1026,1869,1
1027,1070,1
1027,1220,1
1027,1521,1
1027,1775,1
1027,2313,1
1027,2426,1
1031,407,1
1031,695,1
1031,832,1
1031,1968,1
1034,1670,1
1035,2236,1
1036,2309,1
1038,238,1
1038,270,1
1038,612,1
1038,1005,1
1038,1583,1
1038,1853,1
1038,1905,1
1038,1966,1
1038,2008,1
1038,2124,1
1038,2194,1
1039,1736,1
1040,389,1
1040,994,1
1040,1399,1
1040,1600,1
1040,1811,1
1042,2196,1
1043,1782,1
1043,2422,1
1044,2423,1
1045,1261,1
1046,210,1
1046,515,1
1046,565,1
1046,1082,1
1046,1754,1
1046,1793,1
1046,2176,1
1047,2401,1
1048,1149,1
1048,1762,1
1049,42,1
1049,526,1
1049,2373,1
1050,1124,1
1052,1643,1
1052,2261,1
1054,1762,1
1055,1488,1
1056,41,1
1056,558,1
1056,1056,1
1057,146,1
1057,1248,1
1058,25,1
1058,1164,1
1062,59,1
1063,141,1
1063,1806,1
1063,2457,1
1064,2486,1
1065,13,1
1065,198,1
1065,353,1
1065,677,1
1065,1041,1
1065,1113,1
1065,1363,1
1065,1441,1
1065,1546,1
1065,1650,1
1065,1899,1
1065,2384,1
1066,1904,1
1067,2201,1
1068,1676,1
1069,388,1
1072,2431,1
1073,341,1
1073,1872,1
1074,40,1
1074,206,1
1074,544,1
1074,903,1
1074,1652,1
1074,1909,1
1074,2152,1
1075,1521,1
1075,1683,1
1076,950,1
1077,1061,1
1078,390,1
1078,1538,1
1078,1820,1
1078,1872,1
1079,2350,1
1080,994,1
1081,171,1
1081,1922,1
1081,2028,1
1081,2225,1
1084,200,1
1084,476,1
1084,858,1
1084,1084,1
1084,1125,1
1084,1454,1
1084,1548,1
1084,1853,1
1084,2176,1
1084,2434,1
1086,722,1
1087,1676,1
1089,168,1
1089,257,1
1089,1676,1
1089,1944,1
1089,2156,1
1090,1864,1
1091,256,1
1091,889,1
1091,905,1
1091,950,1
1091,1030,1
1091,1314,1
1091,1521,1
1091,1863,1
1091,1944,1
1091,2009,1
1091,2181,1
1093,695,1
1094,586,1
1094,1648,1
1095,171,1
1095,657,1
1095,1061,1
1095,1126,1
1095,1646,1
1096,185,1
1097,1211,1
1097,1254,1
1097,1955,1
1098,1160,1
1098,2067,1
1099,1697,1
1100,1126,1
1101,719,1
1102,200,1
1102,256,1
1102,862,1
1102,1478,1
1102,1828,1
1102,1855,1
1102,1897,1
1102,1910,1
1102,1944,1
1104,128,1
1105,41,1
1105,406,1
1105,719,1
1107,827,1
1108,170,1
1108,476,1
1108,838,1
1108,1176,1
1108,1584,1
1108,2310,1
1111,1415,1
1112,790,1
1116,349,1
1117,825,1
1117,1025,1
1117,1110,1
1117,1462,1
1117,2379,1
1117,2426,1
1118,873,1
1122,87,1
1123,1957,1
1127,1127,1
1128,1037,1
1129,64,1
1129,749,1
1130,75,1
1130,96,1
1130,312,1
1130,343,1
1130,733,1
1130,1610,1
1130,2157,1
1130,2174,1
1130,2223,1
1130,2248,1
1130,2308,1
1131,26,1
1131,287,1
1131,708,1
1131,1950,1
1133,2388,1
1134,349,1
1135,1514,1
1136,1261,1
1137,2193,1
1138,244,1
1138,1777,1
1139,2204,1
1141,1141,1
1142,100,1
1142,257,1
1142,402,1
1142,474,1
1142,482,1
1142,546,1
1142,659,1
1142,1070,1
1142,1156,1
1142,1180,1
1142,1313,1
1142,1399,1
1142,1546,1
1142,1608,1
1142,1671,1
1142,2085,1
1142,2211,1
1142,2387,1
1143,701,1
1144,477,1
1144,1147,1
1144,1613,1
1144,1793,1
1144,2404,1
1145,802,1
1150,1147,1
1151,2325,1
1152,301,1
1152,1779,1
1153,1025,1
1153,1837,1
1154,677,1
1154,709,1
1154,941,1
1154,1110,1
1154,1722,1
1154,2163,1
1154,2364,1
1155,2423,1
1157,1606,1
1158,514,1
1159,511,1
1160,1160,1
1161,1718,1
1163,1220,1
1165,821,1
1165,1572,1
1166,1716,1
1168,1084,1
1169,2090,1
1170,156,1
1172,1643,1
1172,2139,1
1173,688,1
1173,716,1
1174,2236,1
1175,1474,1
1177,74,1
1177,344,1
1177,950,1
1178,1590,1
1179,672,1
1181,1410,1
1182,1762,1
1183,511,1
1184,299,1
1185,105,1
1189,556,1
1189,899,1
1189,1599,1
1189,1667,1
1189,1720,1
1189,1846,1
1189,2051,1
1189,2192,1
1189,2274,1
1189,2322,1
1189,2379,1
1190,1114,1
1190,1427,1
1190,1837,1
1193,348,1
1193,1587,1
1193,1655,1
1193,2379,1
1194,940,1
1195,198,1
1195,1584,1
1195,1729,1
1195,1863,1
1195,1902,1
1195,2057,1
1195,2090,1
1195,2219,1
1196,546,1
1197,1070,1
1198,1718,1
1199,2373,1
1200,2162,1
1201,1520,1
1201,1738,1
1202,2028,1
1203,48,1
1203,60,1
1203,210,1
1203,238,1
1203,325,1
1203,612,1
1203,688,1
1203,778,1
1203,921,1
1203,1113,1
1203,1124,1
1203,1342,1
1203,1558,1
1203,1587,1
1203,1782,1
1203,2124,1
1203,2245,1
1203,2324,1
1203,2397,1
1204,2174,1
1205,13,1
1205,825,1
1206,687,1
1206,905,1
1206,2039,1
1207,128,1
1207,1888,1
1208,653,1
1209,409,1
1209,586,1
1209,1469,1
1209,2291,1
1210,244,1
1210,1316,1
1210,1777,1
1214,1521,1
1215,1827,1
1216,126,1
1216,1676,1
1216,2284,1
1217,1803,1
1218,832,1
1219,908,1
1221,87,1
1221,903,1
1221,973,1
1221,1363,1
1221,1872,1
1221,2061,1
1221,2291,1
1221,2354,1
1221,2366,1
1221,2370,1
1222,146,1
1222,1248,1
1223,1029,1
1223,1577,1
1224,2156,1
1225,1667,1
1226,526,1
1227,990,1
1228,471,1
1229,1758,1
1230,266,1
1230,1719,1
1231,2245,1
1233,1316,1
1235,1599,1
1237,1070,1
1237,1617,1
1237,1803,1
1237,2284,1
1238,1655,1
1238,2002,1
1238,2051,1
1238,2157,1
1239,1019,1
1239,1385,1
1239,1490,1
1239,1514,1
1239,2039,1
1240,1029,1
1241,1192,1
1241,2323,1
1242,482,1
1242,612,1
1242,732,1
1243,701,1
1243,1119,1
1243,1120,1
1243,1643,1
1243,1652,1
1243,1782,1
1243,1832,1
1243,2057,1
1243,2379,1
1244,168,1
1244,1872,1
1244,1908,1
1244,2379,1
1246,1832,1
1247,1801,1
1247,2047,1
1249,816,1
1249,1648,1
1249,1720,1
1250,1444,1
1251,146,1
1251,1248,1
1252,1586,1
1256,1060,1
1258,1872,1
1258,1913,1
1258,2261,1
1258,2474,1
1259,542,1
1259,1095,1
1259,1119,1
1259,1676,1
1259,1915,1
1260,1084,1
1262,1266,1
1263,1171,1
1264,202,1
1265,198,1
1265,545,1
1265,1084,1
1265,1415,1
1265,1906,1
1265,2063,1
1266,200,1
1266,908,1
1266,1012,1
1266,1192,1
1266,1266,1
1266,1769,1
1266,2039,1
1266,2284,1
1267,1141,1
1268,866,1
1268,1007,1
1269,1643,1
1270,167,1
1271,526,1
1272,384,1
1273,196,1
1273,657,1
1273,1084,1
1273,1253,1
1273,1388,1
1273,1671,1
1274,1460,1
1275,97,1
1275,2201,1
1276,1025,1
1277,348,1
1278,709,1
1278,1232,1
1279,1191,1
1281,315,1
1281,766,1
1281,1613,1
1282,779,1
1282,2057,1
1283,79,1
1283,98,1
1283,468,1
1283,732,1
1283,763,1
1283,913,1
1283,1186,1
1283,1261,1
1283,1313,1
1283,1469,1
1283,1597,1
1283,1606,1
1283,1647,1
1283,1669,1
1283,2034,1
1283,2047,1
1283,2485,1
1284,2312,1
1285,202,1
1285,749,1
1285,889,1
1285,1635,1
1285,1668,1
1285,2409,1
1286,1454,1
1286,1676,1
1286,2007,1
1286,2406,1
1287,792,1
1288,312,1
1289,739,1
1289,1674,1
1290,89,1
1291,2379,1
1292,1676,1
1293,390,1
1293,802,1
1293,1538,1
1293,1779,1
1293,2379,1
1294,2428,1
1296,2474,1
1297,719,1
1297,1488,1
1298,576,1
1299,1460,1
1300,156,1
1301,781,1
1302,909,1
1303,429,1
1304,198,1
1305,2308,1
1306,257,1
1306,581,1
1306,1729,1
1306,1754,1
1306,1854,1
1306,2485,1
1307,1162,1
1307,2061,1
1308,2034,1
1309,1192,1
1309,1894,1
1310,1825,1
1310,1902,1
1311,1567,1
1311,1599,1
1311,1944,1
1311,2139,1
1317,1358,1
1317,2264,1
1318,351,1
1318,581,1
1318,816,1
1318,821,1
1318,1070,1
1318,1572,1
1318,2078,1
1318,2123,1
1318,2384,1
1319,2387,1
1320,34,1
1320,715,1
1321,87,1
1321,2352,1
1322,1469,1
1323,739,1
1324,2002,1
1325,1666,1
1326,1648,1
1327,581,1
1328,90,1
1328,348,1
1328,353,1
1328,477,1
1328,544,1
1328,732,1
1328,905,1
1328,1007,1
1328,1461,1
1328,1521,1
1328,1546,1
1328,1606,1
1328,1668,1
1328,1722,1
1328,1891,1
1328,1988,1
1328,2163,1
1329,1095,1
1330,1827,1
1331,2111,1
1332,1028,1
1332,1220,1
1332,1891,1
1332,2241,1
1332,2406,1
1333,719,1
1334,1586,1
1335,405,1
1335,860,1
1335,907,1
1335,1070,1
1335,1462,1
1335,1994,1
1335,2022,1
1335,2159,1
1335,2230,1
1336,1212,1
1336,1255,1
1336,1399,1
1337,1559,1
1338,602,1
1339,1902,1
1340,87,1
1341,348,1
1343,161,1
1344,612,1
1344,1011,1
1344,1588,1
1344,2225,1
1344,2438,1
1345,42,1
1346,155,1
1347,1126,1
1347,1415,1
1348,284,1
1349,2379,1
1350,1782,1
1352,591,1
1353,23,1
1354,1754,1
1355,802,1
1355,1469,1
1356,591,1
1356,2012,1
1357,1830,1
1359,1979,1
1360,1938,1
1360,2010,1
1361,342,1
1362,1377,1
1362,2336,1
1364,2153,1
1366,409,1
1367,1676,1
1368,2201,1
1369,1676,1
1372,1095,1
1373,900,1
1373,1540,1
1374,273,1
1374,1681,1
1375,829,1
1376,1806,1
1378,581,1
1378,1430,1
1378,2444,1
1379,1385,1
1380,160,1
1380,198,1
1380,200,1
1380,353,1
1380,387,1
1380,526,1
1380,639,1
1380,697,1
1380,904,1
1380,994,1
1380,1106,1
1380,1114,1
1380,1232,1
1380,1253,1
1380,1552,1
1380,1567,1
1380,1583,1
1380,1600,1
1380,1613,1
1380,1724,1
1380,1737,1
1380,1872,1
1380,2029,1
1380,2047,1
1380,2078,1
1381,1070,1
1382,260,1
1382,324,1
1382,1092,1
1382,1121,1
1382,2334,1
1386,303,1
1387,1059,1
1387,2211,1
1389,913,1
1390,950,1
1390,1652,1
1391,1176,1
1392,147,1
1393,34,1
1396,781,1
1396,1020,1
1396,1832,1
1396,2245,1
1396,2338,1
1397,340,1
1397,472,1
1398,905,1
1398,1652,1
1398,2423,1
1400,2123,1
1400,2438,1
1401,2263,1
1402,1944,1
1402,2181,1
1403,2434,1
1404,1454,1
1404,1622,1
1405,25,1
1405,60,1
1405,160,1
1405,200,1
1405,257,1
1405,351,1
1405,526,1
1405,581,1
1405,695,1
1405,1007,1
1405,1070,1
1405,1164,1
1405,1186,1
1405,1315,1
1405,1363,1
1405,1567,1
1405,1633,1
1405,1676,1
1405,1853,1
1405,1897,1
1405,2047,1
1405,2313,1
1406,1644,1
1407,1001,1
1407,1407,1
1408,1966,1
1408,2404,1
1410,546,1
1411,1399,1
1412,1821,1
1413,1365,1
1414,1141,1
1417,1407,1
1418,1640,1
1419,122,1
1421,98,1
1421,288,1
1421,422,1
1421,581,1
1421,1421,1
1421,1552,1
1421,1586,1
1421,1778,1
1421,1779,1
1421,1863,1
1422,1441,1
1423,719,1
1424,303,1
1425,349,1
1426,542,1
1428,160,1
1428,228,1
1428,1234,1
1428,1671,1
1428,2090,1
1431,1460,1
1432,1953,1
1433,270,1
1433,1082,1
1434,1773,1
1435,1538,1
1436,1945,1
1437,2312,1
1438,649,1
1439,1121,1
1439,1186,1
1440,473,1
1442,42,1
1442,228,1
1443,535,1
1443,1609,1
1443,1908,1
1443,2194,1
1445,1627,1
1446,1769,1
1447,2384,1
1448,1632,1
1449,873,1
1450,349,1
1451,1765,1
1452,327,1
1454,1736,1
1455,904,1
1455,940,1
1455,1028,1
1455,1782,1
1456,2354,1
1457,1685,1
1458,1529,1
1459,353,1
1463,1037,1
1464,42,1
1464,1666,1
1465,1529,1
1466,454,1
1467,2336,1
1468,2264,1
1470,210,1
1470,270,1
1470,277,1
1470,637,1
1470,904,1
1470,1782,1
1470,1851,1
1470,2434,1
1471,1082,1
1475,2012,1
1476,581,1
1477,1566,1
1479,719,1
1480,114,1
1480,1488,1
1480,1956,1
1480,2007,1
1481,1683,1
1482,1482,1
1483,1109,1
1484,677,1
1484,990,1
1484,1549,1
1484,1769,1
1485,2072,1
1486,1521,1
1486,2007,1
1489,1922,1
1492,1351,1
1493,299,1
1494,1891,1
1495,101,1
1496,353,1
1497,565,1
1497,1011,1
1497,1588,1
1498,60,1
1499,346,1
1500,852,1
1500,1140,1
1500,1713,1
1500,1956,1
1500,2223,1
1500,2379,1
1501,586,1
1502,353,1
1503,25,1
1503,210,1
1503,544,1
1503,730,1
1503,764,1
1503,944,1
1503,1030,1
1503,1164,1
1503,1342,1
1503,1507,1
1503,1583,1
1503,1786,1
1503,1966,1
1503,2041,1
1503,2090,1
1503,2456,1
1504,1624,1
1505,556,1
1505,730,1
1505,1084,1
1505,1655,1
1505,1716,1
1505,1818,1
1505,1888,1
1505,2039,1
1505,2348,1
1506,659,1
1508,1025,1
1509,872,1
1510,2308,1
1511,366,1
1511,1830,1
1512,1992,1
1513,1095,1
1515,672,1
1515,1232,1
1515,1521,1
1516,1922,1
1517,1676,1
1518,1640,1
1519,2463,1
1522,2204,1
1523,810,1
1523,2350,1
1524,2152,1
1525,25,1
1525,130,1
1525,202,1
1525,210,1
1525,256,1
1525,270,1
1525,349,1
1525,526,1
1525,573,1
1525,732,1
1525,883,1
1525,905,1
1525,946,1
1525,1028,1
1525,1070,1
1525,1164,1
1525,1187,1
1525,1342,1
1525,1383,1
1525,1461,1
1525,1583,1
1525,1647,1
1525,1769,1
1525,1803,1
1525,1901,1
1525,2090,1
1525,2194,1
1525,2277,1
1525,2417,1
1526,739,1
1526,1674,1
1527,544,1
1527,964,1
1527,1280,1
1527,1587,1
1527,2264,1
1528,1462,1
1530,2451,1
1532,342,1
1533,32,1
1533,1736,1
1533,2230,1
1534,2212,1
1534,2310,1
1535,244,1
1537,1676,1
1539,2123,1
1541,41,1
1541,129,1
1541,1220,1
1541,1388,1
1541,1520,1
1542,2234,1
1544,778,1
1544,1180,1
1544,1266,1
1544,1600,1
1545,1825,1
1550,1676,1
1551,659,1
1553,1059,1
1554,349,1
1555,2464,1
1556,900,1
1557,1109,1
1560,480,1
1561,1473,1
1562,1765,1
1563,1371,1
1564,38,1
1564,206,1
1564,260,1
1564,1060,1
1564,1092,1
1564,1261,1
1564,1566,1
1564,1668,1
1564,1918,1
1565,1232,1
1568,1132,1
1569,1020,1
1569,2312,1
1570,209,1
1570,266,1
1570,1855,1
1570,1863,1
1570,1897,1
1570,2078,1
1570,2181,1
1571,612,1
1571,701,1
1571,783,1
1571,921,1
1571,1033,1
1571,1114,1
1571,1388,1
1571,1587,1
1571,2379,1
1573,908,1
1574,87,1
1575,209,1
1575,258,1
1575,779,1
1576,1127,1
1578,1051,1
1578,2195,1
1579,883,1
1580,266,1
1580,921,1
1580,1071,1
1580,1295,1
1580,1833,1
1580,1895,1
1581,87,1
1581,1037,1
1581,2451,1
1582,175,1
1582,332,1
1582,389,1
1582,1070,1
1582,1254,1
1582,1363,1
1582,1399,1
1582,1651,1
1582,1897,1
1582,2099,1
1582,2185,1
1582,2284,1
1585,161,1
1591,821,1
1591,1572,1
1591,1958,1
1592,191,1
1592,257,1
1592,1109,1
1593,1656,1
1595,301,1
1596,2193,1
1601,1812,1
1602,1624,1
1603,2388,1
1604,95,1
1604,198,1
1604,739,1
1604,1651,1
1604,1674,1
1604,2219,1
1604,2351,1
1604,2463,1
1605,670,1
1606,312,1
1606,827,1
1606,1070,1
1606,1487,1
1606,1529,1
1606,1837,1
1606,1944,1
1606,1956,1
1606,2008,1
1606,2163,1
1606,2174,1
1607,1430,1
1611,591,1
1611,2370,1
1612,60,1
1612,405,1
1612,1316,1
1612,1586,1
1614,23,1
1616,1583,1
1616,2334,1
1618,185,1
1619,905,1
1619,1351,1
1620,941,1
1620,1520,1
1620,2364,1
1620,2379,1
1621,2007,1
1624,192,1
1624,1624,1
1624,2212,1
1625,1874,1
1626,2350,1
1628,1192,1
1628,2323,1
1629,1644,1
1630,346,1
1630,1670,1
1630,1897,1
1630,2366,1
1631,694,1
1631,1837,1
1631,2234,1
1637,1586,1
1637,1869,1
1638,2195,1
1638,2429,1
1639,866,1
1641,1469,1
1642,315,1
1642,1146,1
1642,1627,1
1642,1881,1
1642,2085,1
1642,2227,1
1645,2284,1
1649,546,1
1653,581,1
1653,719,1
1653,1430,1
1653,2373,1
1654,687,1
1654,2325,1
1654,2379,1
1656,586,1
1656,826,1
1656,1005,1
1656,1070,1
1656,1453,1
1656,1613,1
1656,1655,1
1656,1681,1
1656,1718,1
1656,1833,1
1656,2297,1
1656,2385,1
1656,2444,1
1656,2468,1
1657,19,1
1657,174,1
1658,1385,1
1660,1589,1
1661,2007,1
1662,1490,1
1663,722,1
1664,325,1
1664,546,1
1664,784,1
1664,889,1
1664,1370,1
1664,1538,1
1665,739,1
1672,1280,1
1672,2194,1
1673,1891,1
1673,2211,1
1675,270,1
1677,327,1
1677,1083,1
1677,1261,1
1677,1853,1
1677,1855,1
1677,2362,1
1678,670,1
1680,766,1
1682,2007,1
1686,964,1
1687,101,1
1688,1676,1
1688,1769,1
1689,95,1
1689,994,1
1689,1254,1
1689,1872,1
1689,1891,1
1690,161,1
1691,34,1
1691,256,1
1691,779,1
1691,1469,1
1691,1652,1
1691,1909,1
1691,2039,1
1692,79,1
1692,290,1
1692,581,1
1692,763,1
1692,779,1
1692,1070,1
1692,1071,1
1692,1186,1
1692,1444,1
1692,1737,1
1692,1854,1
1692,2157,1
1692,2284,1
1692,2429,1
1692,2431,1
1692,2485,1
1693,783,1
1693,1454,1
1694,170,1
1695,25,1
1695,169,1
1695,258,1
1695,387,1
1695,389,1
1695,581,1
1695,692,1
1695,944,1
1695,978,1
1695,994,1
1695,1113,1
1695,1164,1
1695,1186,1
1695,1586,1
1695,1729,1
1695,1810,1
1695,1830,1
1695,2090,1
1695,2174,1
1695,2456,1
1695,2485,1
1696,235,1
1698,348,1
1698,1825,1
1699,1261,1
1699,1683,1
1699,2426,1
1700,130,1
1700,1909,1
1700,1966,1
1700,2388,1
1701,126,1
1701,257,1
1701,907,1
1701,1011,1
1701,1070,1
1701,1342,1
1701,1588,1
1701,1610,1
1701,1666,1
1701,1729,1
1701,1828,1
1701,1855,1
1701,2008,1
1701,2012,1
1702,170,1
1702,244,1
1703,2057,1
1704,1920,1
1705,1676,1
1706,1491,1
1707,42,1
1707,290,1
1707,526,1
1707,565,1
1707,691,1
1707,695,1
1707,896,1
1707,1028,1
1707,1192,1
1707,1280,1
1707,1577,1
1707,1587,1
1707,1926,1
1707,2055,1
1707,2061,1
1707,2263,1
1707,2324,1
1707,2325,1
1707,2409,1
1708,1982,1
1709,48,1
1710,429,1
1710,586,1
1710,669,1
1710,730,1
1710,921,1
1710,1030,1
1710,1070,1
1710,1140,1
1710,1180,1
1710,1257,1
1710,1671,1
1710,1906,1
1710,2009,1
1710,2227,1
1710,2291,1
1711,889,1
1711,1608,1
1714,2261,1
1715,1676,1
1716,1716,1
1717,126,1
1717,591,1
1717,765,1
1717,1127,1
1717,1567,1
1717,1990,1
1717,2085,1
1717,2124,1
1717,2195,1
1721,1594,1
1723,167,1
1725,384,1
1726,346,1
1726,902,1
1726,1061,1
1727,2077,1
1728,529,1
1730,903,1
1730,909,1
1731,78,1
1731,701,1
1731,1521,1
1731,2200,1
1732,935,1
1733,765,1
1734,1220,1
1734,1891,1
1734,2475,1
1735,556,1
1735,695,1
1735,732,1
1735,783,1
1735,1583,1
1735,1652,1
1735,1669,1
1735,1676,1
1735,2085,1
1738,43,1
1738,353,1
1738,1676,1
1738,1783,1
1738,2039,1
1739,327,1
1739,480,1
1740,257,1
1740,1232,1
1740,1312,1
1740,2093,1
1740,2225,1
1741,295,1
1742,1627,1
1743,1147,1
1744,612,1
1744,1395,1
1744,2159,1
1744,2284,1
1744,2379,1
1745,1906,1
1745,1944,1
1745,2181,1
1746,1648,1
1747,185,1
1748,1622,1
1749,514,1
1750,2007,1
1751,34,1
1751,366,1
1751,526,1
1751,715,1
1751,745,1
1751,765,1
1751,779,1
1751,944,1
1751,946,1
1751,1110,1
1751,1342,1
1751,1377,1
1751,1577,1
1751,1671,1
1751,2162,1
1751,2417,1
1751,2485,1
1752,1635,1
1753,468,1
1753,543,1
1753,899,1
1755,237,1
1755,244,1
1755,273,1
1755,526,1
1755,1106,1
1755,1521,1
1755,1681,1
1755,1736,1
1755,1769,1
1755,1833,1
1755,1943,1
1755,2360,1
1756,1115,1
1757,250,1
1757,468,1
1757,1521,1
1757,2157,1
1759,1633,1
1760,451,1
1761,533,1
1761,688,1
1761,980,1
1761,1253,1
1761,1872,1
1763,575,1
1764,1782,1
1766,87,1
1767,2203,1
1768,161,1
1770,1813,1
1771,284,1
1771,536,1
1771,1212,1
1771,1944,1
1772,1192,1
1774,1676,1
1776,694,1
1780,1022,1
1781,816,1
1782,1833,1
1785,1033,1
1787,238,1
1787,2176,1
1787,2388,1
1788,1482,1
1789,1566,1
1790,1648,1
1791,147,1
1792,348,1
1794,48,1
1795,226,1
1795,687,1
1795,2091,1
1796,1679,1
1797,1920,1
1798,1358,1
1799,749,1
1800,270,1
1802,1085,1
1802,1119,1
1802,1837,1
1804,1644,1
1805,2401,1
1807,1944,1
1808,2422,1
1809,778,1
1814,2203,1
1815,344,1
1816,13,1
1817,422,1
1817,1817,1
1819,1377,1
1822,1482,1
1822,1598,1
1822,1913,1
1823,10,1
1823,171,1
1824,913,1
1824,1478,1
1829,298,1
1829,353,1
1829,677,1
1829,1213,1
1829,1473,1
1829,1636,1
1829,1915,1
1829,1944,1
1829,2384,1
1831,1529,1
1834,1891,1
1834,2157,1
1835,96,1
1835,390,1
1835,543,1
1835,544,1
1835,730,1
1835,1257,1
1835,1609,1
1835,1679,1
1835,2086,1
1835,2196,1
1836,1606,1
1838,1514,1
1839,1762,1
1840,546,1
1840,1988,1
1840,2264,1
1841,1803,1
1842,1351,1
1843,98,1
1843,716,1
1843,1552,1
1843,2352,1
1844,2204,1
1847,829,1
1849,90,1
1849,295,1
1849,612,1
1849,639,1
1849,677,1
1849,763,1
1849,779,1
1849,811,1
1849,883,1
1849,1342,1
1849,1462,1
1849,1469,1
1849,1490,1
1849,1737,1
1849,1786,1
1849,1853,1
1849,2355,1
1849,2361,1
1849,2423,1
1850,1162,1
1852,348,1
1856,1676,1
1857,1817,1
1858,2426,1
1859,1162,1
1860,25,1
1860,34,1
1860,210,1
1860,277,1
1860,634,1
1860,669,1
1860,907,1
1860,1132,1
1860,1164,1
1860,1342,1
1860,1399,1
1860,1454,1
1860,1507,1
1860,1521,1
1860,1536,1
1860,1558,1
1860,1712,1
1860,1738,1
1860,1803,1
1860,1818,1
1860,1854,1
1860,1909,1
1860,1944,1
1860,2041,1
1860,2099,1
1860,2122,1
1860,2162,1
1860,2397,1
1860,2417,1
1861,40,1
1861,907,1
1865,591,1
1866,585,1
1867,1813,1
1868,816,1
1868,1025,1
1868,1220,1
1870,1186,1
1870,1490,1
1870,1521,1
1870,1826,1
1870,1905,1
1870,2122,1
1871,757,1
1871,1180,1
1871,1968,1
1873,1540,1
1873,1712,1
1875,1899,1
1876,1114,1
1876,1540,1
1876,2451,1
1877,2263,1
1878,1478,1
1879,168,1
1880,1684,1
1882,244,1
1882,340,1
1882,474,1
1882,585,1
1884,48,1
1885,1126,1
1886,1109,1
1887,908,1
1887,2354,1
1889,422,1
1889,905,1
1889,1070,1
1889,1863,1
1889,2007,1
1890,1812,1
1892,235,1
1893,2350,1
1894,1894,1
1896,353,1
1896,976,1
1898,1095,1
1900,75,1
1900,200,1
1900,238,1
1900,351,1
1900,765,1
1900,783,1
1900,811,1
1900,896,1
1900,904,1
1900,946,1
1900,991,1
1900,1041,1
1900,1186,1
1900,1462,1
1900,1584,1
1900,1676,1
1900,1713,1
1900,1737,1
1900,1782,1
1900,1902,1
1900,2122,1
1900,2124,1
1900,2248,1
1900,2355,1
1903,1019,1
1903,2388,1
1907,544,1
1907,732,1
1907,733,1
1907,1012,1
1907,1088,1
1907,1180,1
1907,2227,1
1907,2398,1
1911,474,1
1911,1365,1
1911,1370,1
1911,1472,1
1911,1762,1
1911,2163,1
1911,2401,1
1912,701,1
1916,198,1
1916,474,1
1916,747,1
1916,765,1
1916,921,1
1916,1176,1
1916,1384,1
1916,1441,1
1916,1584,1
1916,1615,1
1916,2063,1
1916,2181,1
1916,2379,1
1917,2195,1
1919,2423,1
1921,104,1
1921,2464,1
1924,95,1
1925,708,1
1927,935,1
1928,1022,1
1929,1032,1
1930,327,1
1930,581,1
1930,1377,1
1930,2485,1
1931,1490,1
1932,1444,1
1932,2429,1
1933,2310,1
1934,1979,1
1935,1053,1
1935,1295,1
1935,1623,1
1935,1837,1
1935,1918,1
1936,1520,1
1936,2008,1
1937,2012,1
1938,1938,1
1939,1762,1
1940,1904,1
1941,533,1
1942,2181,1
1944,90,1
1944,324,1
1944,351,1
1944,576,1
1944,648,1
1944,950,1
1944,1084,1
1944,1261,1
1944,2174,1
1946,387,1
1946,695,1
1946,973,1
1946,1180,1
1946,1769,1
1946,1899,1
1946,1918,1
1946,1966,1
1946,2009,1
1946,2360,1
1946,2444,1
1947,872,1
1948,2334,1
1949,1793,1
1951,1312,1
1951,2093,1
1952,1782,1
1954,529,1
1954,2438,1
1956,196,1
1956,256,1
1956,1053,1
1956,1521,1
1956,1623,1
1956,2008,1
1956,2156,1
1956,2163,1
1959,585,1
1959,921,1
1959,1212,1
1959,1608,1
1960,60,1
1960,342,1
1960,1531,1
1960,1566,1
1961,243,1
1962,1538,1
1963,523,1
1963,536,1
1963,688,1
1963,1020,1
1963,1084,1
1963,1120,1
1963,1676,1
1963,1779,1
1963,1863,1
1963,1883,1
1963,2159,1
1963,2464,1
1964,2411,1
1965,1011,1
1965,1588,1
1967,1636,1
1969,811,1
1969,980,1
1969,1082,1
1969,1384,1
1970,270,1
1971,59,1
1971,169,1
1971,244,1
1971,349,1
1971,387,1
1971,429,1
1971,903,1
1971,1236,1
1971,1342,1
1971,1521,1
1971,1782,1
1971,1786,1
1971,1909,1
1971,2012,1
1972,244,1
1972,290,1
1972,515,1
1972,739,1
1972,1070,1
1972,1674,1
1973,701,1
1973,1115,1
1973,1765,1
1974,167,1
1975,1670,1
1976,25,1
1976,81,1
1976,198,1
1976,258,1
1976,387,1
1976,779,1
1976,878,1
1976,1007,1
1976,1028,1
1976,1084,1
1976,1164,1
1976,1192,1
1976,1398,1
1976,1410,1
1976,1521,1
1976,1652,1
1976,1944,1
1976,2149,1
1976,2379,1
1977,2338,1
1978,818,1
1978,1095,1
1980,1025,1
1981,175,1
1981,390,1
1981,409,1
1981,730,1
1981,950,1
1981,1140,1
1981,1474,1
1981,1521,1
1981,1583,1
1981,1681,1
1981,2297,1
1981,2360,1
1981,2379,1
1984,1803,1
1985,2452,1
1986,260,1
1986,1092,1
1987,1019,1
1987,2280,1
1989,546,1
1989,673,1
1989,1220,1
1991,556,1
1991,779,1
1993,950,1
1995,422,1
1995,1909,1
1996,648,1
1997,639,1
1997,657,1
1997,852,1
1997,1084,1
1997,1255,1
1997,1724,1
1997,2223,1
1997,2280,1
1999,60,1
1999,256,1
1999,802,1
1999,1399,1
1999,1421,1
1999,1613,1
1999,1669,1
1999,1855,1
1999,1872,1
1999,2203,1
2000,1171,1
2000,1600,1
2001,339,1
2001,1245,1
2003,87,1
2003,258,1
2003,361,1
2003,526,1
2003,783,1
2003,971,1
2003,1384,1
2003,1521,1
2003,1633,1
2003,1650,1
2003,1671,1
2003,1782,1
2003,1944,1
2004,1084,1
2005,1676,1
2011,1820,1
2013,339,1
2013,1070,1
2013,1245,1
2014,784,1
2015,1149,1
2016,546,1
2016,950,1
2016,1632,1
2016,1895,1
2017,2047,1
2018,1070,1
2019,593,1
2020,1950,1
2021,1944,1
2023,1552,1
2024,98,1
2024,1552,1
2025,1427,1
2026,648,1
2026,2078,1
2026,2417,1
2027,1773,1
2029,526,1
2029,1030,1
2030,35,1
2030,49,1
2030,121,1
2030,973,1
2031,471,1
2031,2411,1
2032,1024,1
2033,1998,1
2035,1253,1
2036,315,1
2037,210,1
2037,732,1
2037,783,1
2037,903,1
2037,1084,1
2037,1536,1
2037,1738,1
2038,146,1
2038,1248,1
2040,256,1
2040,1029,1
2040,1220,1
2040,1521,1
2040,1531,1
2040,1801,1
2040,2174,1
2040,2261,1
2040,2411,1
2042,695,1
2043,1634,1
2044,238,1
2044,405,1
2044,1945,1
2046,695,1
2048,1083,1
2049,1024,1
2049,1622,1
2050,2423,1
2052,556,1
2053,226,1
2053,2091,1
2054,2193,1
2058,451,1
2058,1041,1
2058,1220,1
2058,2423,1
2059,244,1
2059,1777,1
2059,1990,1
2060,1478,1
2062,1022,1
2064,2284,1
2065,198,1
2065,634,1
2065,784,1
2065,1126,1
2065,1409,1
2065,1617,1
2065,1837,1
2065,1891,1
2065,2085,1
2066,719,1
2068,253,1
2068,270,1
2069,1088,1
2070,1454,1
2071,1549,1
2071,1615,1
2072,2072,1
2073,2379,1
2074,2181,1
2075,2325,1
2076,1992,1
2079,2379,1
2080,25,1
2080,51,1
2080,477,1
2080,765,1
2080,1164,1
2080,1655,1
2080,2045,1
2081,1944,1
2082,852,1
2082,1033,1
2082,1648,1
2083,1261,1
2084,2468,1
2087,758,1
2088,129,1
2089,468,1
2089,1671,1
2092,1474,1
2094,147,1
2095,1041,1
2095,1915,1
2095,2428,1
2096,1566,1
2097,1420,1
2100,155,1
2101,944,1
2101,2404,1
2102,2006,1
2103,349,1
2103,719,1
2104,2474,1
2105,105,1
2106,1427,1
2106,2261,1
2107,2007,1
2108,147,1
2108,1429,1
2109,1784,1
2110,1647,1
2112,1487,1
2113,1220,1
2114,0,1
2114,198,1
2114,340,1
2114,480,1
2114,816,1
2114,1652,1
2115,349,1
2116,1126,1
2117,1590,1
2118,41,1
2118,1558,1
2118,1891,1
2118,2397,1
2119,1253,1
2119,1543,1
2119,1846,1
2119,1955,1
2119,2273,1
2119,2274,1
2120,2409,1
2121,1011,1
2121,1120,1
2121,1316,1
2121,1588,1
2121,1874,1
2121,2047,1
2121,2174,1
2121,2313,1
2122,41,1
2122,81,1
2122,90,1
2122,210,1
2122,526,1
2122,1490,1
2122,1507,1
2122,1872,1
2122,1926,1
2122,2122,1
2122,2380,1
2125,1559,1
2126,348,1
2127,1453,1
2128,2,1
2128,34,1
2128,277,1
2128,351,1
2128,1186,1
2128,2388,1
2129,1025,1
2129,1543,1
2129,1994,1
2129,2022,1
2130,2234,1
2131,612,1
2131,1084,1
2131,1186,1
2132,2132,1
2133,1902,1
2134,288,1
2134,924,1
2134,930,1
2134,1171,1
2134,1186,1
2134,1370,1
2134,1608,1
2134,1610,1
2134,1782,1
2135,1059,1
2136,473,1
2137,13,1
2137,200,1
2137,1377,1
2137,1398,1
2137,1540,1
2137,1659,1
2137,1909,1
2140,333,1
2141,1088,1
2142,1648,1
2143,790,1
2144,198,1
2145,1103,1
2146,1724,1
2147,349,1
2147,964,1
2147,1543,1
2147,2313,1
2148,115,1
2150,1617,1
2151,198,1
2151,860,1
2154,451,1
2155,672,1
2155,1399,1
2155,1811,1
2158,2236,1
2160,256,1
2161,670,1
2164,1598,1
2165,1830,1
2166,1632,1
2167,866,1
2167,950,1
2168,1033,1
2169,1188,1
2169,1676,1
2170,114,1
2170,168,1
2170,191,1
2170,1624,1
2170,1812,1
2170,2351,1
2171,170,1
2171,339,1
2171,766,1
2171,1245,1
2171,2464,1
2172,838,1
2172,1167,1
2172,1176,1
2173,536,1
2173,781,1
2175,1655,1
2177,104,1
2178,1769,1
2179,758,1
2180,2463,1
2182,104,1
2183,1167,1
2184,78,1
2184,732,1
2184,852,1
2184,1314,1
2184,2200,1
2184,2322,1
2186,1212,1
2187,2,1
2187,92,1
2188,728,1
2189,659,1
2190,818,1
2191,542,1
2196,2196,1
2197,1032,1
2197,1084,1
2199,1650,1
2201,1589,1
2202,81,1
2202,202,1
2202,270,1
2202,348,1
2202,472,1
2202,544,1
2202,634,1
2202,897,1
2202,908,1
2202,1030,1
2202,1070,1
2202,1257,1
2202,1315,1
2202,1415,1
2202,1454,1
2202,1577,1
2202,1655,1
2202,1713,1
2202,1905,1
2202,1908,1
2202,1944,1
2202,2122,1
2202,2291,1
2202,2292,1
2202,2380,1
2202,2469,1
2205,144,1
2205,168,1
2205,205,1
2205,287,1
2205,546,1
2205,902,1
2205,1577,1
2205,1583,1
2205,1826,1
2205,1881,1
2205,1891,1
2205,2034,1
2205,2292,1
2205,2469,1
2206,1429,1
2207,2010,1
2208,422,1
2208,913,1
2208,1444,1
2209,2086,1
2210,1059,1
2213,348,1
2213,1461,1
2213,2360,1
2214,23,1
2214,378,1
2214,1398,1
2214,1676,1
2214,1909,1
2215,2379,1
2216,1538,1
2217,1211,1
2217,2051,1
2217,2185,1
2218,1212,1
2220,783,1
2221,343,1
2221,1716,1
2222,2428,1
2226,757,1
2226,827,1
2226,905,1
2226,1171,1
2226,1192,1
2226,1652,1
2226,2157,1
2226,2192,1
2226,2428,1
2226,1110,1
2228,1115,1
2228,1192,1
2228,2323,1
2229,573,1
2229,634,1
2229,692,1
2229,732,1
2229,921,1
2229,1176,1
2229,1236,1
2229,1399,1
2229,1762,1
2229,2157,1
2229,2162,1
2229,2261,1
2229,2417,1
2231,708,1
2232,155,1
2232,873,1
2233,170,1
2233,1095,1
2235,13,1
2235,376,1
2235,529,1
2237,1648,1
2238,1377,1
2239,301,1
2239,780,1
2240,2451,1
2242,1821,1
2243,670,1
2244,2452,1
2246,2138,1
2247,2361,1
2249,1531,1
2250,3,1
2250,405,1
2250,472,1
2250,898,1
2250,971,1
2250,980,1
2250,1028,1
2250,1060,1
2250,1070,1
2250,1146,1
2250,1176,1
2250,1547,1
2250,2122,1
2250,2292,1
2250,2423,1
2251,1462,1
2252,1968,1
2254,637,1
2254,1851,1
2254,1853,1
2254,1968,1
2255,471,1
2256,10,1
2256,171,1
2257,2090,1
2258,295,1
2258,908,1
2258,1427,1
2259,1351,1
2260,1966,1
2262,60,1
2262,258,1
2262,353,1
2262,716,1
2262,816,1
2262,1636,1
2262,2431,1
2265,648,1
2265,1033,1
2265,1261,1
2265,1923,1
2266,1084,1
2267,1634,1
2268,98,1
2268,695,1
2269,130,1
2269,1377,1
2270,185,1
2270,256,1
2270,341,1
2270,581,1
2270,1070,1
2271,79,1
2272,816,1
2275,779,1
2275,950,1
2275,1820,1
2276,1025,1
2278,2426,1
2279,87,1
2281,1577,1
2281,1635,1
2282,422,1
2282,1156,1
2282,1566,1
2282,2379,1
2283,1821,1
2284,257,1
2285,691,1
2285,1180,1
2286,198,1
2287,1538,1
2288,60,1
2289,1213,1
2290,2196,1
2291,2,1
2291,96,1
2291,175,1
2291,389,1
2291,390,1
2291,695,1
2291,1106,1
2291,1950,1
2291,2028,1
2291,2055,1
2291,2370,1
2292,2292,1
2293,1261,1
2293,1845,1
2293,2123,1
2294,978,1
2295,2338,1
2296,1342,1
2298,1105,1
2299,315,1
2300,1342,1
2301,198,1
2301,1119,1
2301,1444,1
2301,1775,1
2301,1902,1
2302,1762,1
2303,198,1
2303,351,1
2303,353,1
2303,901,1
2303,1011,1
2303,1051,1
2303,1186,1
2303,1491,1
2303,1521,1
2303,1588,1
2303,1837,1
2303,1891,1
2303,1897,1
2303,1944,1
2303,2008,1
2303,2253,1
2304,526,1
2305,295,1
2305,883,1
2305,1028,1
2305,1388,1
2306,2411,1
2307,90,1
2307,546,1
2307,816,1
2307,1220,1
2307,1636,1
2307,1655,1
2307,2409,1
2311,167,1
2314,2192,1
2315,659,1
2316,766,1
2316,1070,1
2317,200,1
2317,474,1
2317,980,1
2317,1399,1
2317,1676,1
2317,1944,1
2317,2067,1
2317,2159,1
2317,2379,1
2318,301,1
2319,210,1
2320,25,1
2320,348,1
2320,1164,1
2321,303,1
2321,1667,1
2326,1110,1
2327,719,1
2328,1421,1
2329,909,1
2330,1957,1
2331,646,1
2332,526,1
2332,944,1
2332,2006,1
2335,1586,1
2337,25,1
2337,971,1
2337,1119,1
2337,1164,1
2337,1409,1
2337,1872,1
2339,747,1
2340,692,1
2341,1119,1
2342,402,1
2342,1806,1
2343,1358,1
2344,1415,1
2345,1676,1
2346,1261,1
2347,2090,1
2348,2348,1
2349,422,1
2349,1220,1
2349,1594,1
2349,1953,1
2349,2486,1
2353,196,1
2353,1234,1
2353,2181,1
2356,40,1
2356,144,1
2356,387,1
2356,1186,1
2356,1462,1
2356,1521,1
2356,1547,1
2356,1650,1
2356,1652,1
2356,1853,1
2356,1855,1
2356,1864,1
2356,2181,1
2356,2355,1
2357,74,1
2357,422,1
2357,468,1
2357,571,1
2357,831,1
2357,908,1
2357,1902,1
2357,1983,1
2357,2379,1
2358,1462,1
2359,1019,1
2363,257,1
2363,1261,1
2364,196,1
2364,344,1
2364,657,1
2364,858,1
2364,941,1
2364,1053,1
2364,1546,1
2364,1566,1
2364,1589,1
2364,1597,1
2364,1606,1
2364,1623,1
2364,2364,1
2365,924,1
2365,930,1
2367,1827,1
2368,2253,1
2369,908,1
2371,669,1
2372,301,1
2372,701,1
2374,765,1
2375,25,1
2375,390,1
2375,1164,1
2376,2204,1
2377,546,1
2378,97,1
2381,739,1
2382,1358,1
2383,32,1
2383,536,1
2383,544,1
2383,646,1
2383,653,1
2383,1719,1
2383,2280,1
2386,536,1
2389,2388,1
2390,301,1
2391,881,1
2393,95,1
2393,899,1
2393,1609,1
2394,921,1
2395,648,1
2395,1646,1
2395,1944,1
2396,59,1
2396,126,1
2396,161,1
2396,288,1
2396,533,1
2396,1420,1
2396,2156,1
2396,2174,1
2399,405,1
2400,575,1
2402,1905,1
2403,1590,1
2403,2308,1
2405,196,1
2408,34,1
2408,277,1
2408,745,1
2408,1280,1
2408,1454,1
2408,2431,1
2408,2475,1
2410,1869,1
2411,2411,1
2412,1597,1
2413,2439,1
2414,332,1
2415,1566,1
2415,2174,1
2416,1904,1
2418,1514,1
2419,35,1
2419,89,1
2419,121,1
2419,908,1
2419,1011,1
2419,1149,1
2419,1410,1
2419,1588,1
2419,1848,1
2419,1855,1
2419,2028,1
2420,1025,1
2421,2008,1
2424,1192,1
2425,1684,1
2427,387,1
2427,973,1
2430,1213,1
2432,235,1
2433,941,1
2433,1901,1
2433,2364,1
2435,1644,1
2436,634,1
2436,2423,1
2437,2362,1
2440,602,1
2441,831,1
2442,81,1
2442,270,1
2442,612,1
2442,1113,1
2442,1608,1
2442,1737,1
2442,1826,1
2442,1872,1
2442,1910,1
2442,1966,1
2442,2124,1
2442,2162,1
2442,2181,1
2442,2406,1
2443,1872,1
2443,1904,1
2445,1566,1
2446,593,1
2447,90,1
2447,211,1
2447,256,1
2447,351,1
2447,677,1
2447,783,1
2447,883,1
2447,1543,1
2447,1891,1
2448,251,1
2448,1671,1
2449,1590,1
2449,2212,1
2450,1821,1
2453,141,1
2453,2457,1
2454,612,1
2454,2057,1
2455,1220,1
2455,2008,1
2458,287,1
2458,719,1
2459,544,1
2459,908,1
2459,1507,1
2460,250,1
2460,1127,1
2460,1156,1
2460,1469,1
2460,1472,1
2460,1697,1
2460,2039,1
2460,2056,1
2460,2057,1
2460,2227,1
2461,38,1
2462,198,1
2462,1782,1
2465,834,1
2466,298,1
2467,722,1
2470,87,1
2470,114,1
2470,348,1
2470,816,1
2470,971,1
2471,1827,1
2472,1383,1
2473,2411,1
2476,1784,1
2477,38,1
2477,235,1
2477,348,1
2477,571,1
2477,646,1
2477,950,1
2477,1120,1
2477,1832,1
2477,1848,1
2477,1983,1
2477,2333,1
2477,2401,1
2477,2406,1
2478,388,1
2479,238,1
2479,270,1
2479,526,1
2479,634,1
2479,1041,1
2479,1845,1
2479,1891,1
2479,1944,1
2479,2162,1
2479,2219,1
2479,2379,1
2479,2380,1
2480,694,1
2481,1828,1
2481,1914,1
2482,1521,1
2483,256,1
2483,389,1
2483,1547,1
2484,198,1
2487,115,1
2487,673,1
2487,2055,1
